"Gene","name","norm16s"
"aminoglycoside__aac(2')-I","FISH",0.00035905205917133
"aminoglycoside__aac(3)-I","FISH",0
"aminoglycoside__aac(3)-IIIa","FISH",0
"aminoglycoside__aac(6')-I","FISH",0
"aminoglycoside__aadA","FISH",0.00101184040887354
"aminoglycoside__aadE","FISH",0.00011512971710248
"aminoglycoside__aph(3'')-I","FISH",0.00028131299974636
"aminoglycoside__aph(3')-I","FISH",0
"aminoglycoside__aph(6)-I","FISH",0.00015745151126205
"bacitracin__bacA","FISH",0.109520984540509
"bacitracin__bcrA","FISH",0.00037446675222182
"beta-lactam__CfxA2","FISH",0.00065488365436689
"beta-lactam__GES-15","FISH",0.00040666864811783
"beta-lactam__LCR-1","FISH",0
"beta-lactam__LRA-12","FISH",0
"beta-lactam__LRA-19","FISH",0
"beta-lactam__LRA-2","FISH",0
"beta-lactam__LRA-3","FISH",0
"beta-lactam__LRA-9","FISH",0
"beta-lactam__MOX-4","FISH",0.00017359873573568
"beta-lactam__OXA-10","FISH",0
"beta-lactam__OXA-12","FISH",0.00043707427147271
"beta-lactam__OXA-141","FISH",0
"beta-lactam__OXA-147","FISH",0.00033905268868197
"beta-lactam__OXA-15","FISH",0
"beta-lactam__OXA-2","FISH",0
"beta-lactam__OXA-205","FISH",0
"beta-lactam__OXA-209","FISH",0.00014521470887087
"beta-lactam__OXA-22","FISH",0
"beta-lactam__OXA-226","FISH",0
"beta-lactam__OXA-251","FISH",0
"beta-lactam__OXA-34","FISH",0
"beta-lactam__OXA-36","FISH",0
"beta-lactam__PBP-1A","FISH",0
"beta-lactam__TEM-117","FISH",0
"beta-lactam__TEM-177","FISH",0
"beta-lactam__ampC","FISH",0.00017012676102097
"beta-lactam__class A beta-lactamase","FISH",0.00124340094470686
"beta-lactam__class B beta-lactamase","FISH",0
"beta-lactam__class C beta-lactamase","FISH",0
"beta-lactam__metallo-beta-lactamase","FISH",0
"chloramphenicol__catA","FISH",0.00028331639679079
"chloramphenicol__catB","FISH",0
"chloramphenicol__chloramphenicol exporter","FISH",0
"chloramphenicol__cmlA","FISH",0
"chloramphenicol__floR","FISH",0
"fosfomycin__fosX","FISH",0
"fosmidomycin__rosA","FISH",0.00034762612274219
"fosmidomycin__rosB","FISH",0.00050933279289453
"kasugamycin__kasugamycin resistance protein ksgA","FISH",0.00039108679286506
"macrolide-lincosamide-streptogramin__ereA","FISH",8.16683707525032e-05
"macrolide-lincosamide-streptogramin__ereB","FISH",0.00031020726830554
"macrolide-lincosamide-streptogramin__erm(35)","FISH",0
"macrolide-lincosamide-streptogramin__ermF","FISH",0.00017949848224339
"macrolide-lincosamide-streptogramin__lmrB","FISH",0
"macrolide-lincosamide-streptogramin__lsa","FISH",0.0001238855676105
"macrolide-lincosamide-streptogramin__macA","FISH",0.00050081706647475
"macrolide-lincosamide-streptogramin__macB","FISH",0.00183337278763717
"macrolide-lincosamide-streptogramin__mefA","FISH",0
"macrolide-lincosamide-streptogramin__mphB","FISH",0
"multidrug__EmrB-QacA family major facilitator transporter","FISH",0.00055401761186809
"multidrug__TolC","FISH",0.00027019638556628
"multidrug__acrA","FISH",0.0001872885451723
"multidrug__acrB","FISH",0.00121623971300933
"multidrug__acrF","FISH",4.73676550364519e-05
"multidrug__adeA","FISH",0.00012631374676387
"multidrug__adeB","FISH",0.00011565500215838
"multidrug__adeC","FISH",0.00013536406160932
"multidrug__adeJ","FISH",0.00018615757054968
"multidrug__adeK","FISH",0
"multidrug__amrB","FISH",0.00100262680937502
"multidrug__bicyclomycin-multidrug_efflux_protein_bcr","FISH",0
"multidrug__bpeF","FISH",0
"multidrug__ceoB","FISH",3.10059268654637e-05
"multidrug__cmeB","FISH",0.00032009603807325
"multidrug__emrA","FISH",0.00045990460349214
"multidrug__emrB","FISH",0.00077971888113013
"multidrug__emrD","FISH",0
"multidrug__emrE","FISH",0.00028099456377556
"multidrug__emrK","FISH",0
"multidrug__major_facilitator_superfamily_transporter","FISH",0.00018712766374706
"multidrug__mdfA","FISH",0.00015889589904648
"multidrug__mdtA","FISH",0.00015979449891815
"multidrug__mdtB","FISH",0.00932607808929997
"multidrug__mdtC","FISH",0.00375984189671451
"multidrug__mdtD","FISH",0.00012953193139479
"multidrug__mdtE","FISH",0.0001422066142451
"multidrug__mdtF","FISH",0.00017389095541976
"multidrug__mdtG","FISH",0
"multidrug__mdtH","FISH",0.00032372863510464
"multidrug__mdtK","FISH",0.00025848892029172
"multidrug__mdtL","FISH",4.80781698619986e-05
"multidrug__mdtM","FISH",0
"multidrug__mdtN","FISH",0
"multidrug__mdtO","FISH",0.00019418657994445
"multidrug__mexA","FISH",0.00014208229859319
"multidrug__mexB","FISH",0.00047146816057562
"multidrug__mexC","FISH",0.00022833946970496
"multidrug__mexD","FISH",0.00030337961304613
"multidrug__mexE","FISH",4.34302932827921e-05
"multidrug__mexF","FISH",0.00113058699439513
"multidrug__mexI","FISH",0.00014049182038022
"multidrug__mexT","FISH",0.00065508459092965
"multidrug__mexW","FISH",0.0004651905924105
"multidrug__mexY","FISH",0.00028103323725683
"multidrug__multidrug_ABC_transporter","FISH",0.00070493457503569
"multidrug__multidrug_transporter","FISH",0.00373462336504118
"multidrug__norA","FISH",0.00016964229943287
"multidrug__oprC","FISH",0
"multidrug__oprJ","FISH",0.00020146243154744
"multidrug__oprM","FISH",0.00038979061427053
"multidrug__pmrA","FISH",0
"multidrug__qacEdelta1","FISH",0.00381742110328553
"multidrug__sdeY","FISH",0
"multidrug__smeB","FISH",9.48256201873679e-05
"multidrug__smeD","FISH",0
"multidrug__smeE","FISH",0
"multidrug__smeF","FISH",0
"polymyxin__arnA","FISH",0.00010047684401671
"polymyxin__mcr-4","FISH",5.88374569029495e-05
"polymyxin__mcr-5","FISH",0.00021458327089639
"quinolone__qepA","FISH",0
"quinolone__qnrS","FISH",0.00060230798055525
"rifamycin__ADP-ribosylating transferase_arr","FISH",0.00101201459374154
"rifamycin__rifampin monooxygenase","FISH",0
"sulfonamide__sul1","FISH",0.00446019747775448
"sulfonamide__sul2","FISH",0.00147350606712612
"sulfonamide__sul4","FISH",0
"tetracycline__tet32","FISH",5.08516609624507e-05
"tetracycline__tet34","FISH",0
"tetracycline__tet35","FISH",0
"tetracycline__tet37","FISH",0.00049736037788274
"tetracycline__tet40","FISH",0
"tetracycline__tetA","FISH",0.00029459216024674
"tetracycline__tetC","FISH",0.0011710896840927
"tetracycline__tetG","FISH",8.14093713158457e-05
"tetracycline__tetM","FISH",5.08516609624507e-05
"tetracycline__tetO","FISH",0.00025737167180995
"tetracycline__tetP","FISH",0.00019426550547158
"tetracycline__tetQ","FISH",0.00088522762899712
"tetracycline__tetV","FISH",0
"tetracycline__tetW","FISH",0.0005147433436199
"tetracycline__tetX1","FISH",0
"tetracycline__tetX2","FISH",0
"tetracycline__tetracycline_resistance_protein","FISH",0.00010274111092413
"trimethoprim__dfrA14","FISH",0.00029841622672964
"trimethoprim__dfrA22","FISH",0
"trimethoprim__dfrB2","FISH",0.0004165924532693
"trimethoprim__dfrB6","FISH",0
"unclassified__DNA-binding_protein_H-NS","FISH",0
"unclassified__bacterial regulatory protein LuxR","FISH",0.00014628246408316
"unclassified__cAMP-regulatory protein","FISH",0.00057058166713029
"unclassified__sdiA","FISH",0
"unclassified__transcriptional regulatory protein CpxR cpxR","FISH",0.0068195104850945
"unclassified__truncated putative response regulator ArlR","FISH",0.00050383857032913
"vancomycin__vanG","FISH",0
"vancomycin__vanH","FISH",0
"vancomycin__vanR","FISH",0.00024432723250027
"vancomycin__vanS","FISH",5.12742657611077e-05
"vancomycin__vanX","FISH",0
"vancomycin__vanY","FISH",0
"aminoglycoside__aac(2')-I","WCSR",0
"aminoglycoside__aac(3)-I","WCSR",0
"aminoglycoside__aac(3)-IIIa","WCSR",0
"aminoglycoside__aac(6')-I","WCSR",0
"aminoglycoside__aadA","WCSR",0
"aminoglycoside__aadE","WCSR",0
"aminoglycoside__aph(3'')-I","WCSR",0
"aminoglycoside__aph(3')-I","WCSR",0
"aminoglycoside__aph(6)-I","WCSR",0
"bacitracin__bacA","WCSR",0.0546293400940463
"bacitracin__bcrA","WCSR",0.00154527977426331
"beta-lactam__CfxA2","WCSR",0
"beta-lactam__GES-15","WCSR",0
"beta-lactam__LCR-1","WCSR",0
"beta-lactam__LRA-12","WCSR",0.00045330537321397
"beta-lactam__LRA-19","WCSR",0
"beta-lactam__LRA-2","WCSR",0.00043979627268772
"beta-lactam__LRA-3","WCSR",0.00022364530604111
"beta-lactam__LRA-9","WCSR",0.00022062869493636
"beta-lactam__MOX-4","WCSR",0
"beta-lactam__OXA-10","WCSR",0
"beta-lactam__OXA-12","WCSR",0
"beta-lactam__OXA-141","WCSR",0
"beta-lactam__OXA-147","WCSR",0
"beta-lactam__OXA-15","WCSR",0
"beta-lactam__OXA-2","WCSR",0
"beta-lactam__OXA-205","WCSR",0
"beta-lactam__OXA-209","WCSR",0
"beta-lactam__OXA-22","WCSR",0
"beta-lactam__OXA-226","WCSR",0
"beta-lactam__OXA-251","WCSR",0
"beta-lactam__OXA-34","WCSR",0
"beta-lactam__OXA-36","WCSR",0.0002754655598799
"beta-lactam__PBP-1A","WCSR",0
"beta-lactam__TEM-117","WCSR",0
"beta-lactam__TEM-177","WCSR",0
"beta-lactam__ampC","WCSR",0
"beta-lactam__class A beta-lactamase","WCSR",0.00023049159091991
"beta-lactam__class B beta-lactamase","WCSR",0
"beta-lactam__class C beta-lactamase","WCSR",0.00034442001087475
"beta-lactam__metallo-beta-lactamase","WCSR",0.00047554054547688
"chloramphenicol__catA","WCSR",0
"chloramphenicol__catB","WCSR",0
"chloramphenicol__chloramphenicol exporter","WCSR",0.00033546795906166
"chloramphenicol__cmlA","WCSR",0
"chloramphenicol__floR","WCSR",0
"fosfomycin__fosX","WCSR",0.00034646525456173
"fosmidomycin__rosA","WCSR",0.00022960736261435
"fosmidomycin__rosB","WCSR",0.00178837056877307
"kasugamycin__kasugamycin resistance protein ksgA","WCSR",0
"macrolide-lincosamide-streptogramin__ereA","WCSR",0
"macrolide-lincosamide-streptogramin__ereB","WCSR",0
"macrolide-lincosamide-streptogramin__erm(35)","WCSR",0
"macrolide-lincosamide-streptogramin__ermF","WCSR",0
"macrolide-lincosamide-streptogramin__lmrB","WCSR",0.00014236245321524
"macrolide-lincosamide-streptogramin__lsa","WCSR",0.00068039993290336
"macrolide-lincosamide-streptogramin__macA","WCSR",0
"macrolide-lincosamide-streptogramin__macB","WCSR",0.00520016805683408
"macrolide-lincosamide-streptogramin__mefA","WCSR",0
"macrolide-lincosamide-streptogramin__mphB","WCSR",0.00022663721648982
"multidrug__EmrB-QacA family major facilitator transporter","WCSR",0.00051084028596805
"multidrug__TolC","WCSR",0
"multidrug__acrA","WCSR",0.00016643919091691
"multidrug__acrB","WCSR",0.00158873503070441
"multidrug__acrF","WCSR",0
"multidrug__adeA","WCSR",0
"multidrug__adeB","WCSR",0.00032150821231233
"multidrug__adeC","WCSR",0
"multidrug__adeJ","WCSR",0.00016396709923437
"multidrug__adeK","WCSR",0
"multidrug__amrB","WCSR",0.00057499058519452
"multidrug__bicyclomycin-multidrug_efflux_protein_bcr","WCSR",0
"multidrug__bpeF","WCSR",0.00037554705283231
"multidrug__ceoB","WCSR",0.00062581831909399
"multidrug__cmeB","WCSR",0.0003010308828026
"multidrug__emrA","WCSR",0
"multidrug__emrB","WCSR",0.00049275064073925
"multidrug__emrD","WCSR",0.00024062599925175
"multidrug__emrE","WCSR",0
"multidrug__emrK","WCSR",0
"multidrug__major_facilitator_superfamily_transporter","WCSR",0
"multidrug__mdfA","WCSR",0
"multidrug__mdtA","WCSR",0
"multidrug__mdtB","WCSR",0.00656334985090573
"multidrug__mdtC","WCSR",0.00423785410453112
"multidrug__mdtD","WCSR",0
"multidrug__mdtE","WCSR",0
"multidrug__mdtF","WCSR",0.00021166035303883
"multidrug__mdtG","WCSR",0
"multidrug__mdtH","WCSR",0
"multidrug__mdtK","WCSR",0
"multidrug__mdtL","WCSR",0
"multidrug__mdtM","WCSR",0
"multidrug__mdtN","WCSR",0
"multidrug__mdtO","WCSR",0
"multidrug__mexA","WCSR",0.00019361293637273
"multidrug__mexB","WCSR",0.00016851148552065
"multidrug__mexC","WCSR",0.00016809805328485
"multidrug__mexD","WCSR",0.00032762110184923
"multidrug__mexE","WCSR",9.21734130338699e-05
"multidrug__mexF","WCSR",0.00583829022618192
"multidrug__mexI","WCSR",0.0006506448337968
"multidrug__mexT","WCSR",0
"multidrug__mexW","WCSR",0.00148710169028908
"multidrug__mexY","WCSR",0.00012833395259614
"multidrug__multidrug_ABC_transporter","WCSR",0.00383128947176848
"multidrug__multidrug_transporter","WCSR",0.00472076063000513
"multidrug__norA","WCSR",0
"multidrug__oprC","WCSR",0.00025282704508571
"multidrug__oprJ","WCSR",0
"multidrug__oprM","WCSR",0
"multidrug__pmrA","WCSR",0.00010067872691382
"multidrug__qacEdelta1","WCSR",0
"multidrug__sdeY","WCSR",0
"multidrug__smeB","WCSR",0.00025581270716168
"multidrug__smeD","WCSR",0.00016898024726678
"multidrug__smeE","WCSR",0.00013031639948164
"multidrug__smeF","WCSR",0
"polymyxin__arnA","WCSR",0.00065095016031983
"polymyxin__mcr-4","WCSR",0
"polymyxin__mcr-5","WCSR",0.00014122771775634
"quinolone__qepA","WCSR",0.00048535845693438
"quinolone__qnrS","WCSR",0
"rifamycin__ADP-ribosylating transferase_arr","WCSR",0.00233848684384208
"rifamycin__rifampin monooxygenase","WCSR",0
"sulfonamide__sul1","WCSR",0
"sulfonamide__sul2","WCSR",0.00022117588912023
"sulfonamide__sul4","WCSR",0.00012277893526075
"tetracycline__tet32","WCSR",0
"tetracycline__tet34","WCSR",0
"tetracycline__tet35","WCSR",0
"tetracycline__tet37","WCSR",0
"tetracycline__tet40","WCSR",0.00038722587274546
"tetracycline__tetA","WCSR",0.00034054255052361
"tetracycline__tetC","WCSR",0
"tetracycline__tetG","WCSR",0
"tetracycline__tetM","WCSR",0.00034043640912963
"tetracycline__tetO","WCSR",0.00062780282341831
"tetracycline__tetP","WCSR",0.00011224799071916
"tetracycline__tetQ","WCSR",0.00145854554632116
"tetracycline__tetV","WCSR",0.00015270879488553
"tetracycline__tetW","WCSR",0.00186644082637876
"tetracycline__tetX1","WCSR",0
"tetracycline__tetX2","WCSR",0
"tetracycline__tetracycline_resistance_protein","WCSR",0.00029693376783298
"trimethoprim__dfrA14","WCSR",0
"trimethoprim__dfrA22","WCSR",0
"trimethoprim__dfrB2","WCSR",0
"trimethoprim__dfrB6","WCSR",0.00052126559792658
"unclassified__DNA-binding_protein_H-NS","WCSR",0
"unclassified__bacterial regulatory protein LuxR","WCSR",0
"unclassified__cAMP-regulatory protein","WCSR",0.0008314665979197
"unclassified__sdiA","WCSR",0
"unclassified__transcriptional regulatory protein CpxR cpxR","WCSR",0.00643149406716915
"unclassified__truncated putative response regulator ArlR","WCSR",0
"vancomycin__vanG","WCSR",0
"vancomycin__vanH","WCSR",0
"vancomycin__vanR","WCSR",0.00304801595737797
"vancomycin__vanS","WCSR",0.00130602382938331
"vancomycin__vanX","WCSR",0.00104711600813908
"vancomycin__vanY","WCSR",0.00059918108730087
"aminoglycoside__aac(2')-I","NA12",0
"aminoglycoside__aac(3)-I","NA12",0
"aminoglycoside__aac(3)-IIIa","NA12",0
"aminoglycoside__aac(6')-I","NA12",0.00025436207873501
"aminoglycoside__aadA","NA12",0.00091629504431533
"aminoglycoside__aadE","NA12",0
"aminoglycoside__aph(3'')-I","NA12",0.00036164699006249
"aminoglycoside__aph(3')-I","NA12",0
"aminoglycoside__aph(6)-I","NA12",0
"bacitracin__bacA","NA12",0.0437879547781607
"bacitracin__bcrA","NA12",0.00068438894908771
"beta-lactam__CfxA2","NA12",0
"beta-lactam__GES-15","NA12",0.00012594024873952
"beta-lactam__LCR-1","NA12",0.00027803731837111
"beta-lactam__LRA-12","NA12",0
"beta-lactam__LRA-19","NA12",0.00044259001699891
"beta-lactam__LRA-2","NA12",0
"beta-lactam__LRA-3","NA12",0
"beta-lactam__LRA-9","NA12",0
"beta-lactam__MOX-4","NA12",0
"beta-lactam__OXA-10","NA12",0.00042632859330878
"beta-lactam__OXA-12","NA12",0
"beta-lactam__OXA-141","NA12",0
"beta-lactam__OXA-147","NA12",0
"beta-lactam__OXA-15","NA12",0
"beta-lactam__OXA-2","NA12",0.00033403020150861
"beta-lactam__OXA-205","NA12",0
"beta-lactam__OXA-209","NA12",0
"beta-lactam__OXA-22","NA12",0
"beta-lactam__OXA-226","NA12",0
"beta-lactam__OXA-251","NA12",0.00013865602036306
"beta-lactam__OXA-34","NA12",0
"beta-lactam__OXA-36","NA12",0
"beta-lactam__PBP-1A","NA12",0
"beta-lactam__TEM-117","NA12",0.00014230256452064
"beta-lactam__TEM-177","NA12",0.00012895979516285
"beta-lactam__ampC","NA12",0
"beta-lactam__class A beta-lactamase","NA12",0.000197180218446
"beta-lactam__class B beta-lactamase","NA12",0
"beta-lactam__class C beta-lactamase","NA12",0
"beta-lactam__metallo-beta-lactamase","NA12",0
"chloramphenicol__catA","NA12",0
"chloramphenicol__catB","NA12",0
"chloramphenicol__chloramphenicol exporter","NA12",0
"chloramphenicol__cmlA","NA12",0.00018914103290552
"chloramphenicol__floR","NA12",0.00036517328135224
"fosfomycin__fosX","NA12",0
"fosmidomycin__rosA","NA12",8.94674539312992e-05
"fosmidomycin__rosB","NA12",0.00057903283495693
"kasugamycin__kasugamycin resistance protein ksgA","NA12",0
"macrolide-lincosamide-streptogramin__ereA","NA12",0
"macrolide-lincosamide-streptogramin__ereB","NA12",0
"macrolide-lincosamide-streptogramin__erm(35)","NA12",0
"macrolide-lincosamide-streptogramin__ermF","NA12",0
"macrolide-lincosamide-streptogramin__lmrB","NA12",0
"macrolide-lincosamide-streptogramin__lsa","NA12",0
"macrolide-lincosamide-streptogramin__macA","NA12",0
"macrolide-lincosamide-streptogramin__macB","NA12",0.00187740004627127
"macrolide-lincosamide-streptogramin__mefA","NA12",0.00026956099800757
"macrolide-lincosamide-streptogramin__mphB","NA12",0
"multidrug__EmrB-QacA family major facilitator transporter","NA12",0.00021562077751229
"multidrug__TolC","NA12",0.00011371481166976
"multidrug__acrA","NA12",0
"multidrug__acrB","NA12",0.00059237087081801
"multidrug__acrF","NA12",0
"multidrug__adeA","NA12",0
"multidrug__adeB","NA12",0
"multidrug__adeC","NA12",7.60463946733534e-05
"multidrug__adeJ","NA12",0
"multidrug__adeK","NA12",7.89188894939844e-05
"multidrug__amrB","NA12",0.00034899534429339
"multidrug__bicyclomycin-multidrug_efflux_protein_bcr","NA12",0
"multidrug__bpeF","NA12",3.47620183002605e-05
"multidrug__ceoB","NA12",0.00010630204887348
"multidrug__cmeB","NA12",0.00026101462540961
"multidrug__emrA","NA12",8.70048751365392e-05
"multidrug__emrB","NA12",7.12916200951575e-05
"multidrug__emrD","NA12",0
"multidrug__emrE","NA12",0
"multidrug__emrK","NA12",0.00011436434547775
"multidrug__major_facilitator_superfamily_transporter","NA12",0
"multidrug__mdfA","NA12",0
"multidrug__mdtA","NA12",0
"multidrug__mdtB","NA12",0.00456105281729049
"multidrug__mdtC","NA12",0.00182528092051276
"multidrug__mdtD","NA12",0
"multidrug__mdtE","NA12",0
"multidrug__mdtF","NA12",0.0001017203028461
"multidrug__mdtG","NA12",8.92465466376417e-05
"multidrug__mdtH","NA12",0
"multidrug__mdtK","NA12",8.08826785451237e-05
"multidrug__mdtL","NA12",0
"multidrug__mdtM","NA12",0
"multidrug__mdtN","NA12",0
"multidrug__mdtO","NA12",0
"multidrug__mexA","NA12",0
"multidrug__mexB","NA12",0.00010416866629204
"multidrug__mexC","NA12",0.00017154651821663
"multidrug__mexD","NA12",5.52175645008246e-05
"multidrug__mexE","NA12",0
"multidrug__mexF","NA12",0.00132226844836459
"multidrug__mexI","NA12",0.00024086531537356
"multidrug__mexT","NA12",0
"multidrug__mexW","NA12",0.00050885949161155
"multidrug__mexY","NA12",0.00012840362116854
"multidrug__multidrug_ABC_transporter","NA12",0.00061521266814645
"multidrug__multidrug_transporter","NA12",0.00179739718203557
"multidrug__norA","NA12",0
"multidrug__oprC","NA12",2.15303942279507e-05
"multidrug__oprJ","NA12",0
"multidrug__oprM","NA12",0
"multidrug__pmrA","NA12",0
"multidrug__qacEdelta1","NA12",0.00068633524375194
"multidrug__sdeY","NA12",0
"multidrug__smeB","NA12",8.22736447233449e-05
"multidrug__smeD","NA12",0
"multidrug__smeE","NA12",0
"multidrug__smeF","NA12",0
"polymyxin__arnA","NA12",0
"polymyxin__mcr-4","NA12",0
"polymyxin__mcr-5","NA12",8.90034769102027e-05
"quinolone__qepA","NA12",0
"quinolone__qnrS","NA12",0
"rifamycin__ADP-ribosylating transferase_arr","NA12",0.00127461585777874
"rifamycin__rifampin monooxygenase","NA12",0
"sulfonamide__sul1","NA12",0.00176899798380997
"sulfonamide__sul2","NA12",0.00106116566211705
"sulfonamide__sul4","NA12",0
"tetracycline__tet32","NA12",0.00011428380720629
"tetracycline__tet34","NA12",0
"tetracycline__tet35","NA12",0
"tetracycline__tet37","NA12",0
"tetracycline__tet40","NA12",0.00018168719909643
"tetracycline__tetA","NA12",0
"tetracycline__tetC","NA12",0.0005689322027025
"tetracycline__tetG","NA12",0
"tetracycline__tetM","NA12",0.00011428380720629
"tetracycline__tetO","NA12",0.00011543818909726
"tetracycline__tetP","NA12",0
"tetracycline__tetQ","NA12",0.00049391060459893
"tetracycline__tetV","NA12",0
"tetracycline__tetW","NA12",0.00023087637819453
"tetracycline__tetX1","NA12",0.00020136407458632
"tetracycline__tetX2","NA12",0.00011366305468001
"tetracycline__tetracycline_resistance_protein","NA12",0
"trimethoprim__dfrA14","NA12",0
"trimethoprim__dfrA22","NA12",0
"trimethoprim__dfrB2","NA12",0
"trimethoprim__dfrB6","NA12",0.000274254497713
"unclassified__DNA-binding_protein_H-NS","NA12",0
"unclassified__bacterial regulatory protein LuxR","NA12",0
"unclassified__cAMP-regulatory protein","NA12",0.00165055717341729
"unclassified__sdiA","NA12",0.00015367708923573
"unclassified__transcriptional regulatory protein CpxR cpxR","NA12",0.00423757168460196
"unclassified__truncated putative response regulator ArlR","NA12",0
"vancomycin__vanG","NA12",0
"vancomycin__vanH","NA12",0
"vancomycin__vanR","NA12",0.00036153480065927
"vancomycin__vanS","NA12",0.00010423315617728
"vancomycin__vanX","NA12",0
"vancomycin__vanY","NA12",0
"aminoglycoside__aac(2')-I","BRB",0
"aminoglycoside__aac(3)-I","BRB",9.06332278768322e-05
"aminoglycoside__aac(3)-IIIa","BRB",0.00019320750394507
"aminoglycoside__aac(6')-I","BRB",0
"aminoglycoside__aadA","BRB",0
"aminoglycoside__aadE","BRB",0
"aminoglycoside__aph(3'')-I","BRB",0
"aminoglycoside__aph(3')-I","BRB",0
"aminoglycoside__aph(6)-I","BRB",0
"bacitracin__bacA","BRB",0.0557129893878097
"bacitracin__bcrA","BRB",0.00191039389734423
"beta-lactam__CfxA2","BRB",0
"beta-lactam__GES-15","BRB",0
"beta-lactam__LCR-1","BRB",0
"beta-lactam__LRA-12","BRB",0
"beta-lactam__LRA-19","BRB",0
"beta-lactam__LRA-2","BRB",0
"beta-lactam__LRA-3","BRB",0
"beta-lactam__LRA-9","BRB",0
"beta-lactam__MOX-4","BRB",0
"beta-lactam__OXA-10","BRB",0
"beta-lactam__OXA-12","BRB",0
"beta-lactam__OXA-141","BRB",0
"beta-lactam__OXA-147","BRB",0
"beta-lactam__OXA-15","BRB",0
"beta-lactam__OXA-2","BRB",0
"beta-lactam__OXA-205","BRB",0
"beta-lactam__OXA-209","BRB",0
"beta-lactam__OXA-22","BRB",0
"beta-lactam__OXA-226","BRB",0
"beta-lactam__OXA-251","BRB",0
"beta-lactam__OXA-34","BRB",0
"beta-lactam__OXA-36","BRB",0
"beta-lactam__PBP-1A","BRB",0
"beta-lactam__TEM-117","BRB",0
"beta-lactam__TEM-177","BRB",0
"beta-lactam__ampC","BRB",0
"beta-lactam__class A beta-lactamase","BRB",0
"beta-lactam__class B beta-lactamase","BRB",0.00010611199527692
"beta-lactam__class C beta-lactamase","BRB",0
"beta-lactam__metallo-beta-lactamase","BRB",0.00010653141027801
"chloramphenicol__catA","BRB",0
"chloramphenicol__catB","BRB",0
"chloramphenicol__chloramphenicol exporter","BRB",0
"chloramphenicol__cmlA","BRB",0
"chloramphenicol__floR","BRB",0
"fosfomycin__fosX","BRB",0
"fosmidomycin__rosA","BRB",0.00057481042071416
"fosmidomycin__rosB","BRB",0.00074479588608112
"kasugamycin__kasugamycin resistance protein ksgA","BRB",0.00064138417967573
"macrolide-lincosamide-streptogramin__ereA","BRB",0
"macrolide-lincosamide-streptogramin__ereB","BRB",0
"macrolide-lincosamide-streptogramin__erm(35)","BRB",0
"macrolide-lincosamide-streptogramin__ermF","BRB",9.71892741764527e-05
"macrolide-lincosamide-streptogramin__lmrB","BRB",0
"macrolide-lincosamide-streptogramin__lsa","BRB",8.27310877395474e-05
"macrolide-lincosamide-streptogramin__macA","BRB",0
"macrolide-lincosamide-streptogramin__macB","BRB",0.00286738043780655
"macrolide-lincosamide-streptogramin__mefA","BRB",0
"macrolide-lincosamide-streptogramin__mphB","BRB",0
"multidrug__EmrB-QacA family major facilitator transporter","BRB",0.00044003994776062
"multidrug__TolC","BRB",0
"multidrug__acrA","BRB",0.00035822848347002
"multidrug__acrB","BRB",0.00150565045193038
"multidrug__acrF","BRB",2.60158752899015e-05
"multidrug__adeA","BRB",0
"multidrug__adeB","BRB",0
"multidrug__adeC","BRB",0
"multidrug__adeJ","BRB",2.59947984263126e-05
"multidrug__adeK","BRB",0
"multidrug__amrB","BRB",0.00038767309386048
"multidrug__bicyclomycin-multidrug_efflux_protein_bcr","BRB",0
"multidrug__bpeF","BRB",0.00011042472770147
"multidrug__ceoB","BRB",0.00046738633988788
"multidrug__cmeB","BRB",9.57298444046541e-05
"multidrug__emrA","BRB",0
"multidrug__emrB","BRB",6.23103441653221e-05
"multidrug__emrD","BRB",5.69496144513428e-05
"multidrug__emrE","BRB",0
"multidrug__emrK","BRB",9.94922362507861e-05
"multidrug__major_facilitator_superfamily_transporter","BRB",0
"multidrug__mdfA","BRB",0.00012137252080251
"multidrug__mdtA","BRB",0
"multidrug__mdtB","BRB",0.00578022756786536
"multidrug__mdtC","BRB",0.00269510906215844
"multidrug__mdtD","BRB",8.52519007073388e-05
"multidrug__mdtE","BRB",6.01805180197784e-05
"multidrug__mdtF","BRB",0.00021789602850227
"multidrug__mdtG","BRB",0.00011054925158201
"multidrug__mdtH","BRB",0.00030960401338299
"multidrug__mdtK","BRB",0.0001263455766482
"multidrug__mdtL","BRB",0
"multidrug__mdtM","BRB",0
"multidrug__mdtN","BRB",4.76823472805625e-05
"multidrug__mdtO","BRB",0
"multidrug__mexA","BRB",0
"multidrug__mexB","BRB",0.00021229278908998
"multidrug__mexC","BRB",3.83755768395889e-05
"multidrug__mexD","BRB",0.00029063234597355
"multidrug__mexE","BRB",0.00025791744522592
"multidrug__mexF","BRB",0.00497174492830328
"multidrug__mexI","BRB",0.00021275012051594
"multidrug__mexT","BRB",0
"multidrug__mexW","BRB",0.00067561850445659
"multidrug__mexY","BRB",7.84281725075746e-05
"multidrug__multidrug_ABC_transporter","BRB",0.00134043047420094
"multidrug__multidrug_transporter","BRB",0.00320600258532504
"multidrug__norA","BRB",0
"multidrug__oprC","BRB",3.42036126907842e-05
"multidrug__oprJ","BRB",0
"multidrug__oprM","BRB",0
"multidrug__pmrA","BRB",0
"multidrug__qacEdelta1","BRB",0
"multidrug__sdeY","BRB",1.41306833843206e-05
"multidrug__smeB","BRB",5.24356467779576e-05
"multidrug__smeD","BRB",0
"multidrug__smeE","BRB",0
"multidrug__smeF","BRB",6.17519677210849e-05
"polymyxin__arnA","BRB",0.00012334453081168
"polymyxin__mcr-4","BRB",0
"polymyxin__mcr-5","BRB",0.00012871369587147
"quinolone__qepA","BRB",0.0001733034040838
"quinolone__qnrS","BRB",0
"rifamycin__ADP-ribosylating transferase_arr","BRB",0.00092618702240056
"rifamycin__rifampin monooxygenase","BRB",7.51621028783667e-05
"sulfonamide__sul1","BRB",0
"sulfonamide__sul2","BRB",0.00017104026238045
"sulfonamide__sul4","BRB",9.58275147562325e-05
"tetracycline__tet32","BRB",4.21791029739248e-05
"tetracycline__tet34","BRB",0
"tetracycline__tet35","BRB",0
"tetracycline__tet37","BRB",0
"tetracycline__tet40","BRB",0.00013548027948294
"tetracycline__tetA","BRB",0
"tetracycline__tetC","BRB",0
"tetracycline__tetG","BRB",0
"tetracycline__tetM","BRB",0
"tetracycline__tetO","BRB",0
"tetracycline__tetP","BRB",0.00013582521393684
"tetracycline__tetQ","BRB",0.0003853589994084
"tetracycline__tetV","BRB",0.00012879217983237
"tetracycline__tetW","BRB",0.00017474199803483
"tetracycline__tetX1","BRB",0
"tetracycline__tetX2","BRB",0
"tetracycline__tetracycline_resistance_protein","BRB",4.30399009938008e-05
"trimethoprim__dfrA14","BRB",0
"trimethoprim__dfrA22","BRB",8.33408991970871e-05
"trimethoprim__dfrB2","BRB",0
"trimethoprim__dfrB6","BRB",0.00021860958943235
"unclassified__DNA-binding_protein_H-NS","BRB",0
"unclassified__bacterial regulatory protein LuxR","BRB",0
"unclassified__cAMP-regulatory protein","BRB",0.0001653524343579
"unclassified__sdiA","BRB",0
"unclassified__transcriptional regulatory protein CpxR cpxR","BRB",0.00285910129458913
"unclassified__truncated putative response regulator ArlR","BRB",0
"vancomycin__vanG","BRB",0
"vancomycin__vanH","BRB",0.00033822946295265
"vancomycin__vanR","BRB",0.00093793139758278
"vancomycin__vanS","BRB",0.00041862720153526
"vancomycin__vanX","BRB",0.00013350726570407
"vancomycin__vanY","BRB",0
"aminoglycoside__aac(2')-I","SNORKEL",0
"aminoglycoside__aac(3)-I","SNORKEL",0
"aminoglycoside__aac(3)-IIIa","SNORKEL",0
"aminoglycoside__aac(6')-I","SNORKEL",0
"aminoglycoside__aadA","SNORKEL",0
"aminoglycoside__aadE","SNORKEL",0.0001588179088179
"aminoglycoside__aph(3'')-I","SNORKEL",0
"aminoglycoside__aph(3')-I","SNORKEL",0
"aminoglycoside__aph(6)-I","SNORKEL",0
"bacitracin__bacA","SNORKEL",0.00172449989081215
"bacitracin__bcrA","SNORKEL",0
"beta-lactam__CfxA2","SNORKEL",9.13402782561662e-05
"beta-lactam__GES-15","SNORKEL",0
"beta-lactam__LCR-1","SNORKEL",0
"beta-lactam__LRA-12","SNORKEL",0
"beta-lactam__LRA-19","SNORKEL",0
"beta-lactam__LRA-2","SNORKEL",0
"beta-lactam__LRA-3","SNORKEL",0
"beta-lactam__LRA-9","SNORKEL",0
"beta-lactam__MOX-4","SNORKEL",0
"beta-lactam__OXA-10","SNORKEL",0
"beta-lactam__OXA-12","SNORKEL",0
"beta-lactam__OXA-141","SNORKEL",0
"beta-lactam__OXA-147","SNORKEL",0
"beta-lactam__OXA-15","SNORKEL",0
"beta-lactam__OXA-2","SNORKEL",0
"beta-lactam__OXA-205","SNORKEL",0
"beta-lactam__OXA-209","SNORKEL",0
"beta-lactam__OXA-22","SNORKEL",0
"beta-lactam__OXA-226","SNORKEL",0
"beta-lactam__OXA-251","SNORKEL",0
"beta-lactam__OXA-34","SNORKEL",0
"beta-lactam__OXA-36","SNORKEL",0
"beta-lactam__PBP-1A","SNORKEL",3.38570777369854e-05
"beta-lactam__TEM-117","SNORKEL",0
"beta-lactam__TEM-177","SNORKEL",0
"beta-lactam__ampC","SNORKEL",0
"beta-lactam__class A beta-lactamase","SNORKEL",0
"beta-lactam__class B beta-lactamase","SNORKEL",0
"beta-lactam__class C beta-lactamase","SNORKEL",0
"beta-lactam__metallo-beta-lactamase","SNORKEL",0
"chloramphenicol__catA","SNORKEL",0
"chloramphenicol__catB","SNORKEL",0.00022339222339222
"chloramphenicol__chloramphenicol exporter","SNORKEL",0
"chloramphenicol__cmlA","SNORKEL",0
"chloramphenicol__floR","SNORKEL",0
"fosfomycin__fosX","SNORKEL",0
"fosmidomycin__rosA","SNORKEL",7.71584982111299e-05
"fosmidomycin__rosB","SNORKEL",5.41963573386864e-05
"kasugamycin__kasugamycin resistance protein ksgA","SNORKEL",0.00052524970172029
"macrolide-lincosamide-streptogramin__ereA","SNORKEL",0
"macrolide-lincosamide-streptogramin__ereB","SNORKEL",0
"macrolide-lincosamide-streptogramin__erm(35)","SNORKEL",0
"macrolide-lincosamide-streptogramin__ermF","SNORKEL",0
"macrolide-lincosamide-streptogramin__lmrB","SNORKEL",0
"macrolide-lincosamide-streptogramin__lsa","SNORKEL",0
"macrolide-lincosamide-streptogramin__macA","SNORKEL",0
"macrolide-lincosamide-streptogramin__macB","SNORKEL",0.00038489845367078
"macrolide-lincosamide-streptogramin__mefA","SNORKEL",0
"macrolide-lincosamide-streptogramin__mphB","SNORKEL",0
"multidrug__EmrB-QacA family major facilitator transporter","SNORKEL",0
"multidrug__TolC","SNORKEL",0.00039870760510179
"multidrug__acrA","SNORKEL",0
"multidrug__acrB","SNORKEL",0.00016543491915132
"multidrug__acrF","SNORKEL",0
"multidrug__adeA","SNORKEL",0
"multidrug__adeB","SNORKEL",0
"multidrug__adeC","SNORKEL",0
"multidrug__adeJ","SNORKEL",0
"multidrug__adeK","SNORKEL",0
"multidrug__amrB","SNORKEL",0
"multidrug__bicyclomycin-multidrug_efflux_protein_bcr","SNORKEL",0
"multidrug__bpeF","SNORKEL",2.76345233932416e-05
"multidrug__ceoB","SNORKEL",2.7977318053654e-05
"multidrug__cmeB","SNORKEL",0
"multidrug__emrA","SNORKEL",0
"multidrug__emrB","SNORKEL",0
"multidrug__emrD","SNORKEL",0
"multidrug__emrE","SNORKEL",0.00024847651966296
"multidrug__emrK","SNORKEL",0
"multidrug__major_facilitator_superfamily_transporter","SNORKEL",0
"multidrug__mdfA","SNORKEL",0
"multidrug__mdtA","SNORKEL",0
"multidrug__mdtB","SNORKEL",0
"multidrug__mdtC","SNORKEL",0
"multidrug__mdtD","SNORKEL",0
"multidrug__mdtE","SNORKEL",0
"multidrug__mdtF","SNORKEL",0
"multidrug__mdtG","SNORKEL",0
"multidrug__mdtH","SNORKEL",0
"multidrug__mdtK","SNORKEL",0.00061855396065922
"multidrug__mdtL","SNORKEL",0
"multidrug__mdtM","SNORKEL",0
"multidrug__mdtN","SNORKEL",0
"multidrug__mdtO","SNORKEL",0
"multidrug__mexA","SNORKEL",0
"multidrug__mexB","SNORKEL",2.78444722889168e-05
"multidrug__mexC","SNORKEL",0
"multidrug__mexD","SNORKEL",0
"multidrug__mexE","SNORKEL",7.23773922766367e-05
"multidrug__mexF","SNORKEL",0.00129846145642947
"multidrug__mexI","SNORKEL",0.00015785623948889
"multidrug__mexT","SNORKEL",0.00017823847611081
"multidrug__mexW","SNORKEL",0.00029705789240935
"multidrug__mexY","SNORKEL",0
"multidrug__multidrug_ABC_transporter","SNORKEL",0.0007989592094743
"multidrug__multidrug_transporter","SNORKEL",0.00070620303259574
"multidrug__norA","SNORKEL",0
"multidrug__oprC","SNORKEL",1.04183555960206e-05
"multidrug__oprJ","SNORKEL",0
"multidrug__oprM","SNORKEL",0
"multidrug__pmrA","SNORKEL",0
"multidrug__qacEdelta1","SNORKEL",0
"multidrug__sdeY","SNORKEL",0
"multidrug__smeB","SNORKEL",0
"multidrug__smeD","SNORKEL",0
"multidrug__smeE","SNORKEL",0
"multidrug__smeF","SNORKEL",0
"polymyxin__arnA","SNORKEL",8.88491797582708e-05
"polymyxin__mcr-4","SNORKEL",0
"polymyxin__mcr-5","SNORKEL",0
"quinolone__qepA","SNORKEL",0
"quinolone__qnrS","SNORKEL",0
"rifamycin__ADP-ribosylating transferase_arr","SNORKEL",0
"rifamycin__rifampin monooxygenase","SNORKEL",0
"sulfonamide__sul1","SNORKEL",0
"sulfonamide__sul2","SNORKEL",0
"sulfonamide__sul4","SNORKEL",0
"tetracycline__tet32","SNORKEL",0
"tetracycline__tet34","SNORKEL",0.00055594201048746
"tetracycline__tet35","SNORKEL",0.00028764019007921
"tetracycline__tet37","SNORKEL",0
"tetracycline__tet40","SNORKEL",0
"tetracycline__tetA","SNORKEL",0
"tetracycline__tetC","SNORKEL",0
"tetracycline__tetG","SNORKEL",0
"tetracycline__tetM","SNORKEL",7.34152846828904e-05
"tetracycline__tetO","SNORKEL",0.00022850507357549
"tetracycline__tetP","SNORKEL",0.000148399933676
"tetracycline__tetQ","SNORKEL",0.00044004050133172
"tetracycline__tetV","SNORKEL",0
"tetracycline__tetW","SNORKEL",0.00021285557324289
"tetracycline__tetX1","SNORKEL",0
"tetracycline__tetX2","SNORKEL",0
"tetracycline__tetracycline_resistance_protein","SNORKEL",0
"trimethoprim__dfrA14","SNORKEL",0
"trimethoprim__dfrA22","SNORKEL",0
"trimethoprim__dfrB2","SNORKEL",0
"trimethoprim__dfrB6","SNORKEL",0
"unclassified__DNA-binding_protein_H-NS","SNORKEL",0.00012840976344626
"unclassified__bacterial regulatory protein LuxR","SNORKEL",0
"unclassified__cAMP-regulatory protein","SNORKEL",0.00316853028701522
"unclassified__sdiA","SNORKEL",0
"unclassified__transcriptional regulatory protein CpxR cpxR","SNORKEL",0.00121520073589039
"unclassified__truncated putative response regulator ArlR","SNORKEL",0
"vancomycin__vanG","SNORKEL",0
"vancomycin__vanH","SNORKEL",0
"vancomycin__vanR","SNORKEL",0
"vancomycin__vanS","SNORKEL",0
"vancomycin__vanX","SNORKEL",0
"vancomycin__vanY","SNORKEL",0
"aminoglycoside__aac(2')-I","NA11",0
"aminoglycoside__aac(3)-I","NA11",0
"aminoglycoside__aac(3)-IIIa","NA11",0
"aminoglycoside__aac(6')-I","NA11",0
"aminoglycoside__aadA","NA11",0.00425501430106424
"aminoglycoside__aadE","NA11",0
"aminoglycoside__aph(3'')-I","NA11",0
"aminoglycoside__aph(3')-I","NA11",0.00080410355343849
"aminoglycoside__aph(6)-I","NA11",0
"bacitracin__bacA","NA11",0.00842030771879443
"bacitracin__bcrA","NA11",0
"beta-lactam__CfxA2","NA11",0
"beta-lactam__GES-15","NA11",0
"beta-lactam__LCR-1","NA11",0
"beta-lactam__LRA-12","NA11",0
"beta-lactam__LRA-19","NA11",0
"beta-lactam__LRA-2","NA11",0
"beta-lactam__LRA-3","NA11",0
"beta-lactam__LRA-9","NA11",0
"beta-lactam__MOX-4","NA11",0
"beta-lactam__OXA-10","NA11",0
"beta-lactam__OXA-12","NA11",0
"beta-lactam__OXA-141","NA11",0.00010022852383402
"beta-lactam__OXA-147","NA11",0
"beta-lactam__OXA-15","NA11",9.82239533573407e-05
"beta-lactam__OXA-2","NA11",0.00553734227619617
"beta-lactam__OXA-205","NA11",0.00041447885796023
"beta-lactam__OXA-209","NA11",0
"beta-lactam__OXA-22","NA11",0.00010059432136626
"beta-lactam__OXA-226","NA11",0.00092611156022635
"beta-lactam__OXA-251","NA11",0
"beta-lactam__OXA-34","NA11",0.00108749898331194
"beta-lactam__OXA-36","NA11",0
"beta-lactam__PBP-1A","NA11",0
"beta-lactam__TEM-117","NA11",0
"beta-lactam__TEM-177","NA11",0
"beta-lactam__ampC","NA11",0
"beta-lactam__class A beta-lactamase","NA11",0
"beta-lactam__class B beta-lactamase","NA11",0
"beta-lactam__class C beta-lactamase","NA11",0
"beta-lactam__metallo-beta-lactamase","NA11",0.00013189581817421
"chloramphenicol__catA","NA11",0
"chloramphenicol__catB","NA11",0
"chloramphenicol__chloramphenicol exporter","NA11",0
"chloramphenicol__cmlA","NA11",0
"chloramphenicol__floR","NA11",0
"fosfomycin__fosX","NA11",0
"fosmidomycin__rosA","NA11",0
"fosmidomycin__rosB","NA11",9.84749861242178e-05
"kasugamycin__kasugamycin resistance protein ksgA","NA11",0.0001009627987339
"macrolide-lincosamide-streptogramin__ereA","NA11",0.00501125457493254
"macrolide-lincosamide-streptogramin__ereB","NA11",0
"macrolide-lincosamide-streptogramin__erm(35)","NA11",7.25338001430416e-05
"macrolide-lincosamide-streptogramin__ermF","NA11",0.00010361971449005
"macrolide-lincosamide-streptogramin__lmrB","NA11",0
"macrolide-lincosamide-streptogramin__lsa","NA11",0
"macrolide-lincosamide-streptogramin__macA","NA11",9.50955266565376e-05
"macrolide-lincosamide-streptogramin__macB","NA11",0.00124963752748121
"macrolide-lincosamide-streptogramin__mefA","NA11",0
"macrolide-lincosamide-streptogramin__mphB","NA11",0
"multidrug__EmrB-QacA family major facilitator transporter","NA11",0
"multidrug__TolC","NA11",0.00021916095069589
"multidrug__acrA","NA11",6.94278187767149e-05
"multidrug__acrB","NA11",0.00048259227177261
"multidrug__acrF","NA11",0
"multidrug__adeA","NA11",0
"multidrug__adeB","NA11",0
"multidrug__adeC","NA11",0
"multidrug__adeJ","NA11",5.15826382113653e-05
"multidrug__adeK","NA11",0
"multidrug__amrB","NA11",0.00023507103464793
"multidrug__bicyclomycin-multidrug_efflux_protein_bcr","NA11",0.00013781422027177
"multidrug__bpeF","NA11",0
"multidrug__ceoB","NA11",5.2074838957657e-05
"multidrug__cmeB","NA11",2.65027346676498e-05
"multidrug__emrA","NA11",0
"multidrug__emrB","NA11",0.00010766735958732
"multidrug__emrD","NA11",0
"multidrug__emrE","NA11",0
"multidrug__emrK","NA11",0
"multidrug__major_facilitator_superfamily_transporter","NA11",0
"multidrug__mdfA","NA11",0
"multidrug__mdtA","NA11",0
"multidrug__mdtB","NA11",0.00093743704523426
"multidrug__mdtC","NA11",0.0005313630128833
"multidrug__mdtD","NA11",0
"multidrug__mdtE","NA11",4.33237115217517e-05
"multidrug__mdtF","NA11",8.87752161442125e-05
"multidrug__mdtG","NA11",0
"multidrug__mdtH","NA11",0
"multidrug__mdtK","NA11",0
"multidrug__mdtL","NA11",0
"multidrug__mdtM","NA11",0.00011025137621742
"multidrug__mdtN","NA11",0
"multidrug__mdtO","NA11",7.90968877694544e-05
"multidrug__mexA","NA11",0
"multidrug__mexB","NA11",7.17291571534501e-05
"multidrug__mexC","NA11",0
"multidrug__mexD","NA11",0.00018131118128339
"multidrug__mexE","NA11",6.80392624011806e-05
"multidrug__mexF","NA11",0.00046137601653198
"multidrug__mexI","NA11",0.00013178735932694
"multidrug__mexT","NA11",0
"multidrug__mexW","NA11",0.00014111552718116
"multidrug__mexY","NA11",5.27518546494848e-05
"multidrug__multidrug_ABC_transporter","NA11",0.00040539494356358
"multidrug__multidrug_transporter","NA11",0.00129845214399715
"multidrug__norA","NA11",0
"multidrug__oprC","NA11",0
"multidrug__oprJ","NA11",0
"multidrug__oprM","NA11",0
"multidrug__pmrA","NA11",0
"multidrug__qacEdelta1","NA11",0.00269876194827866
"multidrug__sdeY","NA11",0
"multidrug__smeB","NA11",5.51782388123424e-05
"multidrug__smeD","NA11",3.91756159148204e-05
"multidrug__smeE","NA11",2.59726799742968e-05
"multidrug__smeF","NA11",0
"polymyxin__arnA","NA11",0.00016454182662751
"polymyxin__mcr-4","NA11",0
"polymyxin__mcr-5","NA11",0
"quinolone__qepA","NA11",0
"quinolone__qnrS","NA11",0
"rifamycin__ADP-ribosylating transferase_arr","NA11",0.0005551118243115
"rifamycin__rifampin monooxygenase","NA11",0
"sulfonamide__sul1","NA11",0.003970302603121
"sulfonamide__sul2","NA11",0.0004524504700062
"sulfonamide__sul4","NA11",0.00041680398326099
"tetracycline__tet32","NA11",8.19552483619343e-05
"tetracycline__tet34","NA11",0.00035079983341907
"tetracycline__tet35","NA11",0
"tetracycline__tet37","NA11",0
"tetracycline__tet40","NA11",0
"tetracycline__tetA","NA11",0.00032446254793738
"tetracycline__tetC","NA11",0.00081850794705326
"tetracycline__tetG","NA11",6.20340224241256e-05
"tetracycline__tetM","NA11",0.00012077615548074
"tetracycline__tetO","NA11",0.00012681496325478
"tetracycline__tetP","NA11",0.00011836804195122
"tetracycline__tetQ","NA11",0.0001274285027766
"tetracycline__tetV","NA11",0
"tetracycline__tetW","NA11",0.0001699493044979
"tetracycline__tetX1","NA11",0
"tetracycline__tetX2","NA11",0.00014217095388437
"tetracycline__tetracycline_resistance_protein","NA11",4.22716544182609e-05
"trimethoprim__dfrA14","NA11",0
"trimethoprim__dfrA22","NA11",0
"trimethoprim__dfrB2","NA11",0
"trimethoprim__dfrB6","NA11",0
"unclassified__DNA-binding_protein_H-NS","NA11",0
"unclassified__bacterial regulatory protein LuxR","NA11",0
"unclassified__cAMP-regulatory protein","NA11",0.00127298334805678
"unclassified__sdiA","NA11",0
"unclassified__transcriptional regulatory protein CpxR cpxR","NA11",0.00083536850987069
"unclassified__truncated putative response regulator ArlR","NA11",0.00010361971449005
"vancomycin__vanG","NA11",0.00016427139149874
"vancomycin__vanH","NA11",0
"vancomycin__vanR","NA11",0.00034551273764211
"vancomycin__vanS","NA11",0
"vancomycin__vanX","NA11",0
"vancomycin__vanY","NA11",0
